Sad_Label,Count (次數),Percentage (%)
No,9060,70.22167105875057
Yes (Sad/Hopeless),3842,29.77832894124942
