count,mean,std,min,25%,50%,75%,max
12902.0,64.82848675545122,27.512052139390562,3.72e-09,45.17144028,70.24465288,89.43120829749999,99.93921341
